source,target,type,value
Engineering,"Mourtzis, Dimitris",grc,1.001791754
Engineering,"Lazaridis, Nikolaos K.",grc,1.004800447
Historical Studies,"Karkanas, Panagiotis",grc,1.007457434
Economics & Business,"Halkos, George",grc,1.00787915
"Agriculture, Fisheries & Forestry","Boskou, Dimitrios",grc,1.012523907
Engineering,"Rovithakis, George A.",grc,1.012675013
Clinical Medicine,"Marchalonis, John J.",usa,1.013044823
Information & Communication Technologies,"Tsatsanis, M.",usa,1.018606416
Biomedical Research,"Kramvis, Anna",zaf,1.019605624
Clinical Medicine,"Demetriou, Achilles A.",usa,1.025852288
Clinical Medicine,"Floros, Joanna",usa,1.027072282
Clinical Medicine,"Kafatos, Anthony",grc,1.032943752
Clinical Medicine,"Fotsis, Theodore",grc,1.03663992
Engineering,"Tsezos, Marios",grc,1.037210074
Physics & Astronomy,"Anglos, Demetrios",grc,1.037877891
Engineering,"Bizios, Rena",usa,1.04092625
Clinical Medicine,"Fanos, Vassilios",ita,1.041380335
Enabling & Strategic Technologies,"Tsolakis, A.",gbr,1.042992183
Engineering,"Tagaras, George",grc,1.045363413
Clinical Medicine,"Geroulakos, George",grc,1.046200999
Clinical Medicine,"Pandis, Nikolaos",che,1.047571396
Enabling & Strategic Technologies,"Aggelis, George",grc,1.049902807
Engineering,"Inglezakis, Vassilis J.",gbr,1.051591946
Engineering,"Couclelis, Helen",usa,1.055036922
Physics & Astronomy,"Natsiavas, S.",grc,1.055249607
Information & Communication Technologies,"Komodakis, Nikos",fra,1.056724974
Information & Communication Technologies,"Spanias, Andreas",usa,1.070628949
Physics & Astronomy,"Markovitsi, Dimitra",fra,1.072422036
Economics & Business,"Koufteros, Xenophon",usa,1.072825406
Psychology & Cognitive Sciences,"Kourtzi, Z.",gbr,1.073869278
Clinical Medicine,"Soldatos, Constantin R.",grc,1.077797027
Physics & Astronomy,"Dimopoulos, Konstantinos",gbr,1.079175736
Physics & Astronomy,"Baskoutas, S.",grc,1.081504813
Information & Communication Technologies,"Avgerou, Chrisanthi",gbr,1.082085397
Engineering,"Papachristodoulou, Antonis",gbr,1.083865148
Engineering,"Vamvatsikos, Dimitrios",grc,1.084637636
Engineering,"Hadjicostis, Christoforos N.",cyp,1.084732094
Physics & Astronomy,"Savvides, N.",aus,1.086503779
Clinical Medicine,"Baltzopoulos, Vasilios",gbr,1.090032383
Enabling & Strategic Technologies,"Roukas, Triantafyllos",grc,1.092291379
Earth & Environmental Sciences,"Hasiotis, Stephen T.",usa,1.092634804
Enabling & Strategic Technologies,"Markides, Christos N.",gbr,1.093841359
Engineering,"Dimitrakopoulos, Roussos",can,1.094103694
Engineering,"Koulamas, Christos",usa,1.094399629
Earth & Environmental Sciences,"Nenes, Athanasios",che,1.095704718
Chemistry,"Pantazis, Dimitrios A.",deu,1.095772641
Biomedical Research,"Labrou, Nikolaos",grc,1.098783072
Clinical Medicine,"Hadjistavropoulos, Thomas",can,1.099480392
Clinical Medicine,"Koutedakis, Yiannis",grc,1.100270544
Chemistry,"Kokotos, George",grc,1.105024875
Physics & Astronomy,"Vassilicos, J. C.",fra,1.105519903
Clinical Medicine,"Plaitakis, Andreas",grc,1.107114205
Clinical Medicine,"Grigoriadis, Dimitri E.",usa,1.108636035
Public Health & Health Services,"Mossialos, Elias",gbr,1.112122625
Information & Communication Technologies,"Rouskas, George N.",usa,1.112377935
Clinical Medicine,"Patsopoulos, Nikolaos A.",usa,1.113062498
Physics & Astronomy,"Dimos, Duane",usa,1.115234328
Social Sciences,"Triandafyllidou, Anna",can,1.119371942
Engineering,"Gavalas, George R.",usa,1.119968534
Physics & Astronomy,"Papaefthymiou, Georgia C.",usa,1.124692638
Physics & Astronomy,"Anastassakis, E.",grc,1.126901088
Psychology & Cognitive Sciences,"Efklides, Anastasia",grc,1.127244703
Built Environment & Design,"Loukaitou-Sideris, Anastasia",usa,1.12741319
Mathematics & Statistics,"Kyprianou, Andreas E.",gbr,1.127839756
Biomedical Research,"Kousteni, Stavroula",usa,1.129866177
Biomedical Research,"Elefteriou, Florent",usa,1.136584175
Engineering,"Stephanopoulos, George",usa,1.140674237
Biology,"Athanassiou, Christos G.",grc,1.141637276
Engineering,"Raptis, A.",grc,1.145728487
Clinical Medicine,"Vlahakes, Gus J.",usa,1.146023319
Earth & Environmental Sciences,"Koutrakis, Petros",usa,1.147676402
Enabling & Strategic Technologies,"Zervas, Michalis N.",gbr,1.150500081
Earth & Environmental Sciences,"Valsami-Jones, Eugenia",gbr,1.151419414
Clinical Medicine,"Kakulas, Byron A.",aus,1.153361048
Biomedical Research,"Lionakis, Michail S.",usa,1.154017148
Clinical Medicine,"Ioannides, Andreas A.",cyp,1.15573998
Psychology & Cognitive Sciences,"Spanos, Nicholas P.",can,1.15901938
Earth & Environmental Sciences,"Panagos, Panos",ita,1.162392418
Information & Communication Technologies,"Kotsiantis, Sotiris",grc,1.162844631
Chemistry,"Tagmatarchis, Nikos",grc,1.165389846
Economics & Business,"Doucouliagos, Hristos",aus,1.165551616
Public Health & Health Services,"Kanavos, Panos",gbr,1.169513221
Engineering,"Papadopoulos, Evangelos",grc,1.171458705
Clinical Medicine,"Kioussis, Dimitris",gbr,1.175123581
Physics & Astronomy,"Pachos, Jiannis K.",gbr,1.176082138
Clinical Medicine,"Tobias, Jonathan H.",gbr,1.177985547
Clinical Medicine,"Dervenis, Christos",cyp,1.182588168
Clinical Medicine,"Polidori, Maria Cristina",deu,1.182954733
Engineering,"Tsouris, Costas",usa,1.185986694
Biomedical Research,"Theocharis, Achilleas D.",grc,1.187023578
Physics & Astronomy,"Hillas, A. M.",gbr,1.190959304
Chemistry,"Theodoridis, Georgios",grc,1.194564558
Clinical Medicine,"Charmandari, Evangelia",grc,1.198090649
Earth & Environmental Sciences,"Anagnostou, Emmanouil",usa,1.198497829
Physics & Astronomy,"Dalas, E.",grc,1.198719108
Biomedical Research,"Nychas, George John",grc,1.203552534
Information & Communication Technologies,"Papadias, Constantinos B.",grc,1.205169751
Information & Communication Technologies,"Alexopoulos, Nicolaos G.",usa,1.205611889
Enabling & Strategic Technologies,"Michaleris, Panagiotis (Pan)",usa,1.209407863
Economics & Business,"Argyres, Nicholas S.",usa,1.213065795
Biology,"Zenetos, Argyro",grc,1.215179044
Clinical Medicine,"Coutsoudis, Anna",zaf,1.221102952
Engineering,"Theofilis, Vassilis",gbr,1.222115624
Physics & Astronomy,"Efremidis, Nikolaos K.",grc,1.224519203
Information & Communication Technologies,"Petrou, Maria",grc,1.224918528
Clinical Medicine,"Gerondakis, Steve",aus,1.225642428
Biomedical Research,"Lagarias, J. Clark",usa,1.227448006
Clinical Medicine,"Pallikaris, Ioannis",grc,1.228452623
Chemistry,"Kalivas, John H.",usa,1.230018232
Built Environment & Design,"Balaras, Constantinos A.",grc,1.238945776
Engineering,"Tzafestas, Spyros G.",grc,1.241583049
Clinical Medicine,"Kounis, Nicholas G.",grc,1.242524347
Biology,"Manetas, Yiannis",grc,1.243447397
Engineering,"Kostoglou, Margaritis",grc,1.24558154
Chemistry,"Patrickios, Costas S.",cyp,1.247381272
Biomedical Research,"Kleanthous, Colin",gbr,1.24834408
Physics & Astronomy,"Coustenis, A.",fra,1.249174298
Chemistry,"Anastasiadis, Spiros H.",grc,1.249365623
Earth & Environmental Sciences,"Pisias, Nicklas G.",usa,1.249624061
Chemistry,"Alexandratos, Spiro",usa,1.250101809
Enabling & Strategic Technologies,"Kymakis, Emmanuel",grc,1.25075312
Engineering,"Pantelides, Constantinos C.",gbr,1.254343587
Physics & Astronomy,"Dracoulis, G. D.",aus,1.254642136
Economics & Business,"Heracleous, Loizos",gbr,1.255152767
Biomedical Research,"Tiganis, Tony",aus,1.258140201
Biomedical Research,"Economou, Anastassios",bel,1.260826743
Biomedical Research,"Mourelatos, Zissimos",usa,1.262828516
Clinical Medicine,"Sifneos, P. E.",usa,1.264952861
Information & Communication Technologies,"Likas, Aristidis C.",grc,1.265833415
Psychology & Cognitive Sciences,"Stringaris, Argyris",usa,1.266299401
Enabling & Strategic Technologies,"Mihalakakou, Giouli",grc,1.267265803
Engineering,"Kouvelis, Panos",usa,1.271297182
Earth & Environmental Sciences,"Tsonis, Anastasios A.",usa,1.27687809
Economics & Business,"Pitelis, Christos",gbr,1.277790905
Chemistry,"Stoumpos, Constantinos C.",grc,1.280510016
Clinical Medicine,"Antoniades, Charalambos",gbr,1.284980621
Information & Communication Technologies,"Mamoulis, Nikos",grc,1.287769419
Economics & Business,"Antonakis, John",che,1.298628143
Clinical Medicine,"Hatsopoulos, Nicholas G.",usa,1.299461586
Clinical Medicine,"Trikalinos, Tom A.",usa,1.30373965
Clinical Medicine,"Alexopoulos, Dimitrios",grc,1.30523811
Biomedical Research,"Thanos, Dimitris",grc,1.308373097
Enabling & Strategic Technologies,"Megaridis, Constantine M.",usa,1.310221509
Economics & Business,"Ioannides, Yannis M.",usa,1.311927666
Clinical Medicine,"Marneros, Andreas",deu,1.312558386
Biology,"Bourtzis, Kostas",aut,1.318909172
Clinical Medicine,"Paschalis, Eleftherios P.",aut,1.319940006
Physics & Astronomy,"Costi, T. A.",deu,1.322896896
Information & Communication Technologies,"Zafeiriou, Stefanos",gbr,1.327868932
Clinical Medicine,"Veves, Aristidis",usa,1.329604823
Economics & Business,"Vafeas, Nikos",cyp,1.331581565
Clinical Medicine,"Dimopoulos, Meletios Athanasios",grc,1.33426425
Clinical Medicine,"Pitsavos, C.",grc,1.335096294
Engineering,"Hadjileontiadis, Leontios J.",are,1.335595095
Physics & Astronomy,"Basilakos, Spyros",grc,1.338106612
Clinical Medicine,"Maratos-Flier, Eleftheria",usa,1.338493404
Clinical Medicine,"Makris, Nikos",usa,1.34269867
Historical Studies,"Armelagos, George J.",usa,1.344908186
Biomedical Research,"Konstantinidis, Konstantinos T.",usa,1.345474177
Engineering,"Chrysikopoulos, Constantinos V.",grc,1.346168944
Physics & Astronomy,"Lalazissis, G. A.",grc,1.346700807
Physics & Astronomy,"Meletis, Efstathios",usa,1.348457607
Chemistry,"Paleos, Constantinos M.",grc,1.349702306
Chemistry,"Papaconstantinou, Elias",grc,1.350499416
Clinical Medicine,"Galanopoulou, Aristea S.",usa,1.353449323
Chemistry,"Psillakis, Elefteria",grc,1.358187415
Clinical Medicine,"Koliatsos, Vassilis E.",usa,1.358214724
Clinical Medicine,"Mitrofanis, John",aus,1.359115197
Physics & Astronomy,"Prassides, Kosmas",jpn,1.364089428
Clinical Medicine,"Demetzos, Costas",grc,1.365425626
Clinical Medicine,"Kokkinos, Peter",usa,1.369890431
Biomedical Research,"Loukas, Alex",aus,1.37347094
Enabling & Strategic Technologies,"Birbilis, N.",aus,1.375563972
Clinical Medicine,"Tsokos, Michael",deu,1.379691638
Earth & Environmental Sciences,"Stasinakis, A. S.",grc,1.38027594
Enabling & Strategic Technologies,"Fathabadi, Hassan",grc,1.381309039
Enabling & Strategic Technologies,"Kolokotsa, Dionysia",grc,1.382248753
Physics & Astronomy,"Sakellariadou, M.",gbr,1.387952802
Clinical Medicine,"Manolis, Antonis S.",grc,1.38817804
Earth & Environmental Sciences,"Voulvoulis, Nikolaos",gbr,1.389704337
Engineering,"Kourti, Theodora",usa,1.391269797
Physics & Astronomy,"Othonos, Andreas",cyp,1.392053242
Enabling & Strategic Technologies,"Konstandopoulos, A. G.",grc,1.393367561
Clinical Medicine,"Stefanidis, Dimitrios",usa,1.398961652
Clinical Medicine,"Georgopapadakou, N.",can,1.400171479
Clinical Medicine,"Perros, Petros",gbr,1.411878269
Clinical Medicine,"Lygidakis, Nikolaos J.",grc,1.41694145
Engineering,"Chamis, Christos C.",usa,1.418134469
Economics & Business,"Kapetanios, George",gbr,1.418498886
Information & Communication Technologies,"Keromytis, Angelos Dennis",usa,1.421103271
Engineering,"Kardomateas, George A.",usa,1.421321494
Information & Communication Technologies,"Faloutsos, Michalis",usa,1.422113892
Physics & Astronomy,"Lazarides, G.",grc,1.422913591
Engineering,"Payatakes, A. C.",grc,1.423234717
Physics & Astronomy,"Charmousis, Christos",fra,1.424273288
Economics & Business,"Geroliminis, Nikolas",che,1.425697164
Engineering,"Mavrotas, G.",grc,1.426225064
Communication & Textual Studies,"Chouliaraki, Lilie",gbr,1.434764514
Physics & Astronomy,"Matsika, Spiridoula",usa,1.436036511
Clinical Medicine,"Limperopoulos, Catherine",usa,1.436221908
Clinical Medicine,"Iatridis, James C.",usa,1.440147257
Clinical Medicine,"Hatzichristou, Dimitrios",grc,1.442962805
Clinical Medicine,"Maraganore, Demetrius",usa,1.444099591
Clinical Medicine,"Papageorghiou, Aris T.",gbr,1.447130635
Chemistry,"Lemonidou, Angeliki A.",grc,1.448683143
Clinical Medicine,"Vilos, George",can,1.448879672
Mathematics & Statistics,"Karageorghis, Andreas",cyp,1.452743558
Economics & Business,"Economides, Nicholas",usa,1.454194621
Clinical Medicine,"Stergiou, Nick",usa,1.455607509
Clinical Medicine,"Polychronakos, Constantin",can,1.457829044
Clinical Medicine,"Boudoulas, Harisios",usa,1.46127403
Clinical Medicine,"Pitas, Robert E.",usa,1.465937533
Earth & Environmental Sciences,"Papazachos, Basil C.",grc,1.470380209
Physics & Astronomy,"Stratakis, Emmanuel",grc,1.473796742
Enabling & Strategic Technologies,"Poullikkas, Andreas",cyp,1.474601713
Information & Communication Technologies,"Katehi, Linda P.B.",usa,1.475619564
Biomedical Research,"Efstratiou, Androulla",gbr,1.476058487
Mathematics & Statistics,"Zabaras, Nicholas",usa,1.479505657
Mathematics & Statistics,"Souganidis, Panagiotis E.",usa,1.483405266
Physics & Astronomy,"Martys, Nicos S.",usa,1.484041826
Public Health & Health Services,"Stylianou, Yannis Y.",grc,1.484119409
Clinical Medicine,"Robakis, Nikolaos K.",usa,1.48978956
Biomedical Research,"Tsichlis, Philip",usa,1.491442997
Clinical Medicine,"Creatsas, George",grc,1.493470336
Clinical Medicine,"Cokkinos, Dennis",grc,1.494051273
Information & Communication Technologies,"Christopoulos, C.",gbr,1.494506332
Information & Communication Technologies,"Yannakakis, Georgios N.",mlt,1.496607429
Clinical Medicine,"Karussis, Dimitrios",isr,1.497591547
Information & Communication Technologies,"Cangellaris, Andreas C.",usa,1.497795603
Biomedical Research,"Zannis, Vassilis",usa,1.501978236
Clinical Medicine,"Brilakis, Emmanouil S.",usa,1.504488451
Clinical Medicine,"Traganos, Frank",usa,1.504937988
Chemistry,"Tsitsilianis, Constantinos",grc,1.507137865
Physics & Astronomy,"Alexandrou, Constantia",cyp,1.507982962
Physics & Astronomy,"Kelires, Pantelis C.",cyp,1.510217054
Enabling & Strategic Technologies,"Papadopoulos, Agis M.",grc,1.510925716
Chemistry,"Briassoulis, D.",grc,1.511040524
Enabling & Strategic Technologies,"Bonanos, Nikolaos",dnk,1.511351298
Engineering,"Baltsavias, Emmanuel",che,1.512557469
Earth & Environmental Sciences,"Krimigis, S. M.",grc,1.513224634
Information & Communication Technologies,"Strintzis, Michael",grc,1.514516003
Built Environment & Design,"Papalambros, Panos Y.",usa,1.522890565
Earth & Environmental Sciences,"Papastefanou, Constantinos",grc,1.530937468
Clinical Medicine,"Politis, Marios",gbr,1.532468118
Clinical Medicine,"Karaplis, Andrew C.",can,1.535211585
Engineering,"Karnouskos, Stamatis",deu,1.536795222
Engineering,"Rigatos, G.",grc,1.538212715
Clinical Medicine,"Assimos, Dean G.",usa,1.541165841
Mathematics & Statistics,"Karatzas, Ioannis",usa,1.541457285
Psychology & Cognitive Sciences,"Vostanis, Panos",gbr,1.54186409
Clinical Medicine,"Gogos, Joseph A.",usa,1.541936248
Physics & Astronomy,"Economou, Demetre J.",usa,1.546900111
Physics & Astronomy,"Nicolis, Grégoire",bel,1.549916064
Clinical Medicine,"Sarris, Jerome",aus,1.551534619
Clinical Medicine,"Tzioufas, A. G.",grc,1.557090413
Clinical Medicine,"Scorilas, Andreas",grc,1.560284703
Physics & Astronomy,"Kounnas, Costas",fra,1.560554662
Economics & Business,"Argyris, Chris",usa,1.56084347
Engineering,"Demopoulos, G. P.",can,1.563582552
Clinical Medicine,"Kalos, Michael",usa,1.564462609
Enabling & Strategic Technologies,"Saravanos, D. A.",grc,1.565793622
Clinical Medicine,"Mavroudis, Dimitrios",grc,1.569026168
Earth & Environmental Sciences,"Zerefos, Christos",grc,1.56981569
Engineering,"Destouni, Georgia",swe,1.570090038
Clinical Medicine,"Karayiorgou, Maria",usa,1.570820979
Biomedical Research,"Pappagianis, Demosthenes",usa,1.57180688
Earth & Environmental Sciences,"Foufoula-Georgiou, Efi",usa,1.576887203
Physics & Astronomy,"Mihos, J. Christopher",usa,1.576891305
Physics & Astronomy,"Kottos, Tsampikos",usa,1.577920077
Physics & Astronomy,"Nicolaides, Cleanthes A.",grc,1.580661513
Engineering,"Papadimitriou, Costas",grc,1.583884799
Earth & Environmental Sciences,"Tsimplis, Michael",chn,1.585625915
Mathematics & Statistics,"Ntouyas, Sotiris K.",grc,1.585727074
Economics & Business,"Arestis, Philip",gbr,1.585766063
Clinical Medicine,"Bertakis, Klea",usa,1.585835755
Economics & Business,"Calomiris, Charles W.",usa,1.586693317
Information & Communication Technologies,"Kolaitis, Phokion G.",usa,1.589954971
Psychology & Cognitive Sciences,"Michalos, Alex C.",can,1.591915874
Physics & Astronomy,"Stergioulas, N.",grc,1.595887852
Enabling & Strategic Technologies,"Apostolakis, George",jpn,1.595897599
Clinical Medicine,"Koutroubakis, Ioannis E.",grc,1.602962662
Enabling & Strategic Technologies,"Georgilakis, Pavlos",grc,1.605222422
Information & Communication Technologies,"Sellis, Timos",aus,1.608306601
Clinical Medicine,"Samaras, Katherine",aus,1.610329422
Biomedical Research,"Kathariou, Sophia",usa,1.61384692
Chemistry,"Agrafiotis, Dimitris K.",usa,1.614582614
Information & Communication Technologies,"Bourbakis, Nikolaos",usa,1.616794494
Public Health & Health Services,"Pachankis, John E.",usa,1.618008982
Enabling & Strategic Technologies,"Assanis, Dennis",usa,1.61930315
Chemistry,"Pissis, Polycarpos",grc,1.619641868
Clinical Medicine,"Papadopoulos, Marios C.",gbr,1.62622507
Information & Communication Technologies,"Levis, Philip",usa,1.626242396
Information & Communication Technologies,"Anastassiou, Dimitris",usa,1.630248225
Information & Communication Technologies,"Aloimonos, Yiannis",usa,1.631909091
Biomedical Research,"Baxevanis, Andreas D.",usa,1.637551431
Clinical Medicine,"Athyros, Vasilios G.",grc,1.640355232
Clinical Medicine,"Iliopoulos, Dimitrios",usa,1.642487575
Physics & Astronomy,"Miniati, F.",gbr,1.647103993
Enabling & Strategic Technologies,"Papagianni, Maria",grc,1.648341324
Biology,"Georges, Arthur",aus,1.650562326
Mathematics & Statistics,"Politis, Dimitris",usa,1.65084777
Chemistry,"Hadjipavlou-Litina, Dimitra",grc,1.653970568
Clinical Medicine,"Coroneo, Minas",aus,1.656352602
Economics & Business,"Markides, Constantinos",gbr,1.658883367
Information & Communication Technologies,"Karayiannis, Nicolaos B.",usa,1.661662136
Biomedical Research,"Gonias, Steven L.",usa,1.66315694
Enabling & Strategic Technologies,"Sambanis, Nicholas",usa,1.668812883
"Agriculture, Fisheries & Forestry","Karathanos, Vaios",grc,1.669541932
Built Environment & Design,"Aggelis, Dimitrios G.",bel,1.670488122
Information & Communication Technologies,"Papadias, Dimitris",hkg,1.672254639
Enabling & Strategic Technologies,"Meliopoulos, A. P.Sakis",usa,1.674361289
Economics & Business,"Tsionas, Efthymios G.",gbr,1.674605826
Clinical Medicine,"Tsatsakis, Aristidis",grc,1.674611087
Biomedical Research,"Carpousis, Agamemnon J.",fra,1.679029356
Engineering,"Papageorgiou, Lazaros G.",gbr,1.6894966
Clinical Medicine,"Nopoulos, Peg C.",usa,1.689984029
Physics & Astronomy,"Kehagias, A.",grc,1.690248912
Physics & Astronomy,"Kevrekidis, Ioannis G.",usa,1.690646129
Clinical Medicine,"Stephanou, Anastasis",gbr,1.692184998
Information & Communication Technologies,"Vrahatis, Michael N.",grc,1.69717636
Engineering,"Tsonopoulos, Constantine",usa,1.697415262
Clinical Medicine,"Papadakis, Konstantinos A.",usa,1.697483144
Physics & Astronomy,"Bachas, Constantin",fra,1.698906759
Chemistry,"Xanthos, Marino",usa,1.704837829
Biomedical Research,"Ragoussis, Jiannis",can,1.707825756
Clinical Medicine,"Lagiou, Pagona",grc,1.710653476
Physics & Astronomy,"Iliadis, Christian",usa,1.711193046
Information & Communication Technologies,"Roussopoulos, Nicholas",usa,1.715243894
Engineering,"Theofanous, Theo G.",usa,1.717966404
Engineering,"Papanikolopoulos, Nikos",usa,1.721614836
Clinical Medicine,"Vlassara, Helen",usa,1.721935505
Clinical Medicine,"Chatziioannou, Arion F.",usa,1.722563579
Engineering,"Papamoschou, Dimitri",usa,1.725398627
Clinical Medicine,"Memtsoudis, Stavros G.",usa,1.73104111
Clinical Medicine,"Stylianopoulos, Triantafyllos",cyp,1.731881921
Enabling & Strategic Technologies,"Exarhos, Gregory J.",usa,1.732997701
Economics & Business,"Boyatzis, Richard E.",usa,1.734589977
Chemistry,"Kovala-Demertzi, Dimitra",grc,1.738439399
Physics & Astronomy,"Orginos, Kostas",usa,1.739973387
"Agriculture, Fisheries & Forestry","Prepas, Ellie E.",can,1.745445476
Clinical Medicine,"Kellis, Eleftherios",grc,1.746258332
Engineering,"Marmarelis, Vasilis Z.",usa,1.746415073
Clinical Medicine,"Joannidis, Michael",aut,1.751106177
Clinical Medicine,"Kountouras, Jannis",grc,1.751496098
Engineering,"Karafyllis, Iasson",grc,1.756706354
Physics & Astronomy,"Salaris, Maurizio",gbr,1.758069768
Information & Communication Technologies,"Sifakis, Joseph",fra,1.759753036
Clinical Medicine,"Vassilopoulou-Sellin, Rena",usa,1.7615295
Chemistry,"Chrissafis, Konstantinos",grc,1.7626141
Biomedical Research,"Pappas, George",grc,1.77123868
Clinical Medicine,"Papapetropoulos, Andreas",grc,1.772211
"Agriculture, Fisheries & Forestry","Dordas, Christos",grc,1.774055423
Clinical Medicine,"Traynelis, Vincent C.",usa,1.77948861
Clinical Medicine,"Petros, Peter",aus,1.780655899
Engineering,"Georgakakos, Konstantine P.",usa,1.781111302
Earth & Environmental Sciences,"Stephanou, Euripides G.",grc,1.782401512
Clinical Medicine,"Sotiriou, Christos",bel,1.784958663
Economics & Business,"Delios, Andrew",sgp,1.78594016
Clinical Medicine,"Pappas, Theodore N.",usa,1.787012916
Chemistry,"Psomas, George",grc,1.787078198
Physics & Astronomy,"Giannios, D.",usa,1.788628015
Information & Communication Technologies,"Tripakis, Stavros",usa,1.789338558
Biomedical Research,"Kyriacou, Charalambos P.",gbr,1.790744484
Information & Communication Technologies,"Balanis, Constantine A.",usa,1.791373639
Biomedical Research,"Zervos, Marcus J.",usa,1.793991484
Public Health & Health Services,"Manias, Elizabeth",aus,1.794729177
Clinical Medicine,"Lagios, Michael D.",usa,1.79628751
Clinical Medicine,"Sivridis, Efthimios",grc,1.796315173
Information & Communication Technologies,"Stamatatos, Efstathios",grc,1.79884261
Physics & Astronomy,"Livadiotis, George",usa,1.805405713
Economics & Business,"Serletis, Apostolos",can,1.809242563
Enabling & Strategic Technologies,"Yortsos, Yanis C.",usa,1.811573194
Enabling & Strategic Technologies,"Grigoropoulos, Costas P.",usa,1.811929058
Clinical Medicine,"Galanos, C.",deu,1.812764757
Clinical Medicine,"Argiris, Athanassios",usa,1.816381599
Information & Communication Technologies,"Dovrolis, Constantine",usa,1.828833061
Physics & Astronomy,"Manousakis, Efstratios",usa,1.835131901
Information & Communication Technologies,"Theodoridis, Sergios",grc,1.839990647
Economics & Business,"Katsikeas, Constantine S.",gbr,1.841224178
Physics & Astronomy,"Yannopapas, V.",grc,1.844154006
Biomedical Research,"Papa, Anna",grc,1.846867476
Clinical Medicine,"Papanicolaou, Andrew C.",usa,1.849500508
Enabling & Strategic Technologies,"Tsiakaras, Panagiotis",grc,1.850920831
Built Environment & Design,"Papadakis, Vagelis G.",grc,1.859002371
Clinical Medicine,"Koumenis, Constantinos",usa,1.86198457
Engineering,"Zopounidis, Constantin",grc,1.86391676
Psychology & Cognitive Sciences,"Flouri, Eirini",gbr,1.866590201
Enabling & Strategic Technologies,"Zabaniotou, Anastasia",grc,1.86678653
Biomedical Research,"Tsonis, Panagiotis A.",usa,1.868178129
Biomedical Research,"Tsolis, Renée M.",usa,1.869143588
Engineering,"Dimarogonas, Dimos V.",swe,1.877009006
Clinical Medicine,"Rizopoulos, Dimitris",nld,1.884948701
Engineering,"Sotiropoulos, Fotis",usa,1.88565627
Biomedical Research,"Karamanos, Nikos K.",grc,1.887033841
Enabling & Strategic Technologies,"Batzoglou, Serafim",usa,1.88738143
Mathematics & Statistics,"Christodoulou, Demetrios",che,1.889254623
Clinical Medicine,"Eliades, Theodore",che,1.889918184
Clinical Medicine,"Kollias, Nikiforos",usa,1.896304477
Information & Communication Technologies,"Proakis, John G.",usa,1.897730938
Earth & Environmental Sciences,"Kallis, Giorgos",esp,1.897830533
Earth & Environmental Sciences,"Samara, Constantini",grc,1.901113492
Physics & Astronomy,"Vazdekis, Alexandre",esp,1.901719641
Clinical Medicine,"Manthous, Constantine",usa,1.902919352
Clinical Medicine,"Papadimitrakopoulou, Vassiliki A.",usa,1.90472576
Engineering,"Markatos, N. C.",grc,1.904914029
Clinical Medicine,"Paxinos, George",aus,1.906848967
Chemistry,"Floudas, George",grc,1.907571109
Clinical Medicine,"Fountzilas, Georgios",grc,1.911790679
Physics & Astronomy,"Dimarogonas, A. D.",usa,1.914052444
Clinical Medicine,"Magkos, Faidon",dnk,1.916484502
Clinical Medicine,"Giannitsis, Evangelos",deu,1.919212488
Psychology & Cognitive Sciences,"Saroglou, Vassilis",bel,1.927751056
Economics & Business,"Makridakis, Spyros",cyp,1.929499437
Engineering,"Economou, Ioannis G.",qat,1.9328081
Earth & Environmental Sciences,"Christakos, George",usa,1.935042941
Engineering,"Theocaris, P. S.",grc,1.935258862
Engineering,"Kontogeorgis, Georgios M.",dnk,1.935917024
Engineering,"Delichatsios, Michael",usa,1.936328243
Biology,"Stergiou, Konstantinos I.",grc,1.947044619
Engineering,"Beltaos, Spyros",can,1.957850336
Chemistry,"Pispas, Stergios",grc,1.959813428
Biomedical Research,"Koronakis, Vassilis",gbr,1.962357453
Engineering,"Maravelias, Christos T.",usa,1.965807776
Clinical Medicine,"Tsirka, Stella E.",usa,1.966633825
Physics & Astronomy,"Vourdas, A.",gbr,1.968648115
Physics & Astronomy,"Papaconstantopoulos, D. A.",usa,1.968847059
Mathematics & Statistics,"Dafermos, Constantine M.",usa,1.970288328
Physics & Astronomy,"Hadjiconstantinou, Nicolas G.",usa,1.97033809
Chemistry,"Mirodatos, C.",fra,1.970757975
Clinical Medicine,"Chavakis, Triantafyllos",deu,1.97177357
Clinical Medicine,"Pierratos, Andreas",can,1.973675215
Clinical Medicine,"Sakorafas, George H.",grc,1.973796868
Clinical Medicine,"Brannon-Peppas, Lisa",usa,1.974819657
Engineering,"Soldatos, K. P.",gbr,1.975981922
Clinical Medicine,"Tsokos, Maria G.",usa,1.979736322
Mathematics & Statistics,"Papanicolaou, George",usa,1.981431373
Chemistry,"Wesdemiotis, Chrys",usa,1.990093486
Clinical Medicine,"Zeggini, E.",gbr,1.993621023
Information & Communication Technologies,"Ioannidis, Y.",grc,1.996646534
Biomedical Research,"Maltezou, H. C.",grc,1.996785923
Clinical Medicine,"Madias, John E.",usa,1.998613472
Physics & Astronomy,"Katsouleas, Thomas C.",usa,1.999691631
Clinical Medicine,"Kappas, Attallah",usa,1.99994368
Enabling & Strategic Technologies,"Leventis, Nicholas",usa,2.002904734
Clinical Medicine,"Krassas, Gerasimos E.",grc,2.003220753
Enabling & Strategic Technologies,"Manias, Evangelos",usa,2.003464357
Mathematics & Statistics,"Anastassiou, George A.",usa,2.003798281
Earth & Environmental Sciences,"Stiros, Stathis C.",grc,2.005136201
Physics & Astronomy,"Antoniadis, Dimitri",usa,2.006145433
Clinical Medicine,"Raptopoulos, Vassilios",usa,2.008671291
Physics & Astronomy,"Kaniadakis, Giorgio",ita,2.010302347
Clinical Medicine,"Sperelakis, Nicholas",usa,2.012625189
Engineering,"Demetriou, Michael A.",usa,2.016330069
Enabling & Strategic Technologies,"Mamalis, A. G.",grc,2.016459967
Enabling & Strategic Technologies,"Rakopoulos, Dimitrios C.",grc,2.020269308
Engineering,"Georgiou, Tryphon T.",usa,2.022806201
Information & Communication Technologies,"Spinellis, Diomidis",grc,2.027153983
Clinical Medicine,"Kiliaridis, Stavros",che,2.02759587
Enabling & Strategic Technologies,"Bakirtzis, A. G.",grc,2.028642731
Physics & Astronomy,"Vourlidas, A.",usa,2.034052035
Clinical Medicine,"Papadopoulos, Nickolas",usa,2.03543461
Physics & Astronomy,"Paspalakis, Emmanuel",grc,2.037291
Physics & Astronomy,"Perivolaropoulos, L.",grc,2.046158139
Clinical Medicine,"Katsambas, Andreas",grc,2.046753613
Clinical Medicine,"Papademetriou, Vasilios",usa,2.055461001
Clinical Medicine,"Fountoulakis, Konstantinos N.",grc,2.056155414
Biomedical Research,"Vasiliou, Vasilis",usa,2.058506647
Chemistry,"Mitsoulis, Evan",grc,2.061096019
Clinical Medicine,"Kyritsis, Athanassios P.",grc,2.066723289
Enabling & Strategic Technologies,"Giakoumis, Evangelos G.",grc,2.071326181
Engineering,"Drikakis, Dimitris",cyp,2.073875093
Clinical Medicine,"Filippatos, Gerasimos",grc,2.075832299
Biomedical Research,"Maragos, Chris M.",usa,2.079551397
Biology,"Tylianakis, Jason M.",nzl,2.079835605
Physics & Astronomy,"Loizou, Philipos C.",usa,2.081493436
Physics & Astronomy,"Argyris, J. H.",deu,2.090461523
Physics & Astronomy,"Frantzeskakis, D. J.",grc,2.092347401
Economics & Business,"Karlaftis, Matthew G.",grc,2.099106546
Information & Communication Technologies,"Nicolaidis, Michael",fra,2.106637759
"Agriculture, Fisheries & Forestry","Galanakis, Charis M.",grc,2.107364782
Physics & Astronomy,"Katsaras, John",usa,2.108817777
Physics & Astronomy,"Prantzos, N.",fra,2.114513929
Biomedical Research,"Cassimeris, Lynne",usa,2.115020586
Clinical Medicine,"Andreadis, Theodore G.",usa,2.115548747
Clinical Medicine,"Pavlidis, Paul",can,2.117023775
Enabling & Strategic Technologies,"Georgakilas, Vasilios",grc,2.118022526
Chemistry,"Vlassopoulos, Dimitris",grc,2.120327761
Physics & Astronomy,"Chroneos, A.",gbr,2.131013224
Biomedical Research,"Ioannides, Costas",gbr,2.131217106
Chemistry,"Achilias, Dimitris S.",grc,2.135533836
Biology,"Katsanevakis, Stelios",grc,2.144489618
Clinical Medicine,"Kanellopoulos, Anastasios John",usa,2.151989748
Enabling & Strategic Technologies,"Konstantatos, Gerasimos",esp,2.156693563
Clinical Medicine,"Gregoratos, Gabriel",usa,2.160407801
Clinical Medicine,"Coukos, George",che,2.173974114
Clinical Medicine,"Sarafidis, Pantelis",grc,2.177646009
Biomedical Research,"Sakoulas, George",usa,2.177839349
Engineering,"Psaraftis, Harilaos N.",dnk,2.178176744
Clinical Medicine,"Petridou, Eleni Th",swe,2.184827798
Engineering,"Michaelides, Efstathios E.",usa,2.186934709
Clinical Medicine,"Chiosis, Gabriela",usa,2.18701222
Physics & Astronomy,"Kyzas, George Z.",grc,2.191894429
Public Health & Health Services,"Halkitis, Perry N.",usa,2.199869082
Enabling & Strategic Technologies,"Galiotis, Costas",grc,2.202108015
Clinical Medicine,"Taylor-Papadimitriou, Joyce",gbr,2.202229468
Biomedical Research,"Pantopoulos, Kostas",can,2.204011229
Physics & Astronomy,"Goulianos, Konstantin",usa,2.206477143
"Agriculture, Fisheries & Forestry","Tsimidou, Maria Z.",grc,2.207024075
Clinical Medicine,"Gavras, Haralambos",usa,2.209002206
Clinical Medicine,"Katritsis, Demosthenes G.",grc,2.209683472
Engineering,"Ierapetritou, Marianthi",usa,2.210145033
Physics & Astronomy,"Papavassiliou, J.",esp,2.210190339
Clinical Medicine,"Oreopoulos, George D.",can,2.212912885
Enabling & Strategic Technologies,"Kalyvas, Stathis N.",usa,2.213327079
Clinical Medicine,"Tsimberidou, Apostolia M.",usa,2.215359417
Biomedical Research,"Halazonetis, Thanos D.",che,2.217053766
Earth & Environmental Sciences,"Pandis, S. N.",usa,2.227025475
Engineering,"Zioupos, Peter",gbr,2.22938966
Clinical Medicine,"Kostenis, Evi",deu,2.230511813
Clinical Medicine,"Christou, Nicolas V.",can,2.232239951
Economics & Business,"Barberis, Nicholas",usa,2.236139637
Clinical Medicine,"Gouras, Peter",usa,2.236963964
Clinical Medicine,"Papadopoulos, Nikolaos G.",grc,2.240488502
Mathematics & Statistics,"Lagakos, Stephen W.",usa,2.241416638
"Agriculture, Fisheries & Forestry","Kasapis, Stefan",aus,2.245714438
Clinical Medicine,"Galanis, Evanthia",usa,2.248419761
Engineering,"Thanassoulis, Emmanuel",gbr,2.248618788
Biomedical Research,"Manios, Yannis",grc,2.255817625
Clinical Medicine,"Apostolopoulos, Vasso",aus,2.256338869
Clinical Medicine,"Siafakas, Nikolaos",grc,2.257010152
Physics & Astronomy,"Chakoumakos, Bryan C.",usa,2.263982208
Clinical Medicine,"Madias, Nicolaos E.",usa,2.268920485
Physics & Astronomy,"Papadopoulos, G.",gbr,2.278152251
Physics & Astronomy,"Papavassiliou, Georgios",grc,2.280575053
Enabling & Strategic Technologies,"Papanikolaou, Seraphim",grc,2.28292082
Information & Communication Technologies,"Metaxas, Dimitris N.",usa,2.282990107
Biology,"Zouros, Eleftherios",grc,2.28570806
Physics & Astronomy,"Sfetsos, Konstantinos",grc,2.287903096
Physics & Astronomy,"Mavromatos, N. E.",gbr,2.295625213
Clinical Medicine,"Labropoulos, Nicos",usa,2.302866218
Clinical Medicine,"Kremastinos, Dimitrios",grc,2.307937096
Physics & Astronomy,"Nolas, George S.",usa,2.312323006
Physics & Astronomy,"Froudakis, George E.",grc,2.315011896
Biomedical Research,"Koutsoumanis, Konstantinos",grc,2.315174338
Physics & Astronomy,"Moustakas, T. D.",usa,2.31746253
Information & Communication Technologies,"Papageorgiou, Elpiniki",grc,2.319204389
Physics & Astronomy,"Palasantzas, G.",nld,2.324302888
Physics & Astronomy,"Smaragdis, Paris",usa,2.325099721
Clinical Medicine,"Makriyannis, Alexandros",usa,2.32549158
Clinical Medicine,"Kourembanas, Stella",usa,2.327230173
Physics & Astronomy,"Kanti, Panagiota",grc,2.330085909
Clinical Medicine,"Kontoghiorghes, George J.",cyp,2.33225699
Chemistry,"Falaras, Polycarpos",grc,2.334040443
Communication & Textual Studies,"Papacharissi, Zizi",usa,2.340431495
"Agriculture, Fisheries & Forestry","Kyriazakis, Ilias",gbr,2.342113117
Engineering,"Karabelas, Anastasios J.",grc,2.345473588
Chemistry,"Albanis, Triantafyllos A.",grc,2.35147676
Enabling & Strategic Technologies,"Moridis, G. J.",usa,2.351675038
Economics & Business,"Orphanides, Athanasios",usa,2.355276733
Biomedical Research,"Theologis, Athanasios",usa,2.357267647
Clinical Medicine,"Duntas, Leonidas H.",grc,2.369548698
Earth & Environmental Sciences,"Abatzoglou, John T.",usa,2.371616698
Information & Communication Technologies,"Daniilidis, Kostas",usa,2.371915099
Chemistry,"Economou, Anastasios",grc,2.374120242
Clinical Medicine,"Koutsilieris, Michael",grc,2.379977031
Chemistry,"Stalikas, Constantine D.",grc,2.387262845
Clinical Medicine,"Giamarellos-Bourboulis, Evangelos J.",grc,2.39099933
Physics & Astronomy,"Lambropoulos, Peter",grc,2.393092515
Information & Communication Technologies,"Tsotsos, John K.",can,2.393316184
Clinical Medicine,"Theodosis, Dionysia T.",fra,2.395813529
Information & Communication Technologies,"Pavlidis, Theodosios",usa,2.396415878
Enabling & Strategic Technologies,"Ouzounis, Christos A.",grc,2.401293252
Biomedical Research,"Deloukas, Panos",gbr,2.40272704
Engineering,"Zouboulis, Anastasios",grc,2.403085991
Physics & Astronomy,"Christophorou, Loucas G.",grc,2.403421868
Clinical Medicine,"Terzis, Julia K.",usa,2.408478727
Physics & Astronomy,"Vagenas, Elias C.",kwt,2.409418534
Clinical Medicine,"Liacouras, Chris A.",usa,2.409582212
Chemistry,"Coucouvanis, Dimitri",usa,2.409587575
Psychology & Cognitive Sciences,"Demas, Gregory E.",usa,2.410145916
Chemistry,"Demadis, Konstantinos D.",grc,2.412691192
Mathematics & Statistics,"Papadrakakis, Manolis",grc,2.416187898
Chemistry,"Kaltsoyannis, Nikolas",gbr,2.4243291
Engineering,"Cassandras, Christos G.",usa,2.42459083
Engineering,"Giannakopoulos, A.",grc,2.425973359
Engineering,"Kiparissides, Costas",grc,2.426990866
Engineering,"Pavlostathis, Spyros G.",usa,2.434244346
Biomedical Research,"Kafatos, Fotis C.",gbr,2.439506908
Chemistry,"Mantzavinos, Dionissios",grc,2.444778868
Physics & Astronomy,"Antiochos, Spiro K.",usa,2.445272091
Clinical Medicine,"Scarmeas, Nikolaos",grc,2.45198073
Biomedical Research,"Prodromou, Chrisostomos",gbr,2.453524348
Biomedical Research,"Rigoutsos, Isidore",usa,2.468030021
Clinical Medicine,"Gianoulakis, Christina",can,2.468527326
Public Health & Health Services,"Demiris, George",usa,2.470671144
Biomedical Research,"Dimopoulos, G.",usa,2.474222924
Clinical Medicine,"Drosos, Alexandros A.",grc,2.480163316
Clinical Medicine,"Tarlatzis, B. C.",grc,2.486005036
Economics & Business,"Sigala, Marianna",aus,2.489414499
Earth & Environmental Sciences,"Kiladis, George N.",usa,2.492348752
Mathematics & Statistics,"Argyros, I. K.",usa,2.495620687
Physics & Astronomy,"Kokkotas, K.",deu,2.498225543
Physics & Astronomy,"Pilaftsis, Apostolos",gbr,2.502146031
Information & Communication Technologies,"Tentzeris, Manos M.",usa,2.505508358
Clinical Medicine,"Antonarakis, Emmanuel S.",usa,2.508864193
Chemistry,"Demas, James N.",usa,2.519594367
Enabling & Strategic Technologies,"Lagoudas, D. C.",usa,2.521841452
Engineering,"Crassidis, John L.",usa,2.530826526
Biomedical Research,"Makrides, Maria",aus,2.532923362
Biomedical Research,"Kellis, Manolis",usa,2.534932627
Chemistry,"Hadziioannou, Georges",fra,2.56287429
Physics & Astronomy,"Psaltis, Dimitrios",usa,2.569413981
Chemistry,"Mikroyannidis, J. A.",grc,2.573474843
Clinical Medicine,"Spyropoulos, Alex C.",usa,2.581895741
Engineering,"Sophocleous, Marios A.",usa,2.583639246
Clinical Medicine,"Zaoutis, Theoklis E.",usa,2.584323235
Engineering,"Chryssolouris, George",grc,2.584828707
Clinical Medicine,"Hamilos, Daniel L.",usa,2.586574858
Clinical Medicine,"Ikonomidou, Chrysanthy",usa,2.588033883
Social Sciences,"Vosniadou, Stella",aus,2.590538909
Clinical Medicine,"Georgoulias, Vassilis",grc,2.590789553
Enabling & Strategic Technologies,"Egolfopoulos, Fokion N.",usa,2.597101776
Clinical Medicine,"Stergiou, George S.",grc,2.601605457
Clinical Medicine,"Zakzanis, Konstantine K.",can,2.601981011
Clinical Medicine,"Deftos, Leonard J.",usa,2.606055844
Physics & Astronomy,"Vergados, J. D.",grc,2.609659775
Clinical Medicine,"Nihoyannopoulos, Petros I.",grc,2.609857945
Clinical Medicine,"Avrameas, Stratis",grc,2.613861728
Physics & Astronomy,"Dimotakis, Paul",usa,2.621373528
Clinical Medicine,"Daskalakis, Zafiris J.",can,2.628842099
Clinical Medicine,"Mamalis, Nick",usa,2.636850855
Economics & Business,"Psacharopoulos, George",usa,2.637983186
Earth & Environmental Sciences,"Sioutas, Constantinos",usa,2.650467284
Clinical Medicine,"Lappas, Martha",aus,2.659188572
Clinical Medicine,"Kavallaris, Maria",aus,2.661845067
Engineering,"Rosakis, Ares J.",usa,2.665904842
Psychology & Cognitive Sciences,"Cosmides, Leda",usa,2.675159901
Enabling & Strategic Technologies,"Vayenas, Constantinos G.",grc,2.684282847
Engineering,"Stathopoulos, Ted",can,2.686648109
Clinical Medicine,"Georgopoulos, Katia",usa,2.695329142
Enabling & Strategic Technologies,"Angelidaki, Irini",dnk,2.703969402
Clinical Medicine,"Giatromanolaki, Alexandra",grc,2.724228014
Clinical Medicine,"Mitsiades, Nicholas",usa,2.72559856
Physics & Astronomy,"Polychronakos, Alexios P.",usa,2.725749015
Clinical Medicine,"Prineas, Ronald J.",usa,2.731254293
Mathematics & Statistics,"Papageorgiou, Nikolaos S.",grc,2.732796275
Clinical Medicine,"Pantelis, Christos",aus,2.745260125
Physics & Astronomy,"Hatzes, A. P.",deu,2.746337346
Information & Communication Technologies,"Krikidis, Ioannis",cyp,2.74822568
Clinical Medicine,"Vlachopoulos, Charalambos",grc,2.752949124
Earth & Environmental Sciences,"Matzarakis, Andreas",deu,2.759998471
Physics & Astronomy,"Kamitsos, E. I.",grc,2.766313739
Clinical Medicine,"Ioannou, George N.",usa,2.76806714
Engineering,"Agelidis, Vassilios",dnk,2.776441712
Earth & Environmental Sciences,"Chameides, W. L.",usa,2.776949748
Enabling & Strategic Technologies,"Mastorakos, Epaminondas",gbr,2.780014463
Clinical Medicine,"Petrou, Stavros",gbr,2.787501421
Clinical Medicine,"Romanos, Georgios E.",usa,2.793161845
Clinical Medicine,"Ekkekakis, Panteleimon",usa,2.795584232
Clinical Medicine,"Papatheodoridis, George",grc,2.79647098
Clinical Medicine,"Negrin, Robert S.",usa,2.800219555
Biomedical Research,"Roilides, Emmanuel",grc,2.817540069
Economics & Business,"Gabriel, Yiannis",gbr,2.822812783
Physics & Astronomy,"Nanopoulos, Dimitri V.",grc,2.830961487
Clinical Medicine,"Kollias, George",grc,2.836991814
Biomedical Research,"Manuelidis, Laura",usa,2.840064984
Clinical Medicine,"Makris, Michael",gbr,2.840225457
Clinical Medicine,"Bouros, Demosthenes",grc,2.8442431
Enabling & Strategic Technologies,"Eustathopoulos, N.",fra,2.851349069
Clinical Medicine,"Sakkas, Denny",usa,2.851888244
Information & Communication Technologies,"Sidiropoulos, Nicholas D.",usa,2.854731239
Economics & Business,"C. Leonidou, Leonidas",cyp,2.855792796
Enabling & Strategic Technologies,"Anthopoulos, Thomas D.",sau,2.858393289
Clinical Medicine,"Thanos, Solon",deu,2.859364578
Clinical Medicine,"Rigas, Basil",usa,2.863330397
Information & Communication Technologies,"Achlioptas, Dimitris",grc,2.880257068
Physics & Astronomy,"Konofagou, Elisa E.",usa,2.882608953
Clinical Medicine,"Volanakis, John E.",usa,2.896065632
Engineering,"Sahinidis, Nikolaos V.",usa,2.900400826
Engineering,"Athans, Michael",prt,2.904148309
Information & Communication Technologies,"Volakis, John L.",usa,2.905907643
Clinical Medicine,"Orfanos, Constantin E.",deu,2.906770625
Psychology & Cognitive Sciences,"Petrides, Konstantinos V.",gbr,2.910238335
Clinical Medicine,"Vintzileos, Anthony",usa,2.917262681
Enabling & Strategic Technologies,"Maranas, Costas D.",usa,2.935665118
Biomedical Research,"Stamatoyannopoulos, George",usa,2.938765407
Clinical Medicine,"Papavassiliou, Athanasios G.",grc,2.940409486
Clinical Medicine,"Christakos, Sylvia",usa,2.94394211
Chemistry,"Argyropoulos, Dimitris S.",usa,2.946754356
Clinical Medicine,"Vardas, P.",grc,2.947793885
Biomedical Research,"Tavernarakis, Nektarios",grc,2.951451762
Physics & Astronomy,"Sigalas, M. M.",grc,2.963894538
Biomedical Research,"Efstratiadis, Argiris",grc,2.966046104
Enabling & Strategic Technologies,"Sofos, John",usa,2.967092961
Clinical Medicine,"Iliakis, George",deu,2.969935771
Engineering,"Athanasiou, K. A.",usa,2.97504471
Clinical Medicine,"Gatsonis, Constantine",usa,2.980628079
Information & Communication Technologies,"Dellarocas, Chrysanthos",usa,2.981614709
Physics & Astronomy,"Mandelis, Andreas",can,2.986253627
Clinical Medicine,"Kanitakis, Jean",fra,2.990523231
Physics & Astronomy,"Papaloizou, John C.B.",gbr,2.99137343
Engineering,"Spanos, P. D.",usa,2.997536589
Engineering,"Lygeros, John",che,2.998902756
Biomedical Research,"Moustakas, Aristidis",swe,3.001416637
Biomedical Research,"Fountoulakis, Michael",grc,3.001640157
Engineering,"Beskos, Dimitri E.",grc,3.003698937
Clinical Medicine,"Zografi, George",usa,3.018386034
Physics & Astronomy,"Stathis, Jim",usa,3.040263242
Psychology & Cognitive Sciences,"Tsakiris, Manos",gbr,3.043781648
Enabling & Strategic Technologies,"Fthenakis, Vasilis",usa,3.062074788
Physics & Astronomy,"Galanakis, I.",grc,3.063944244
Clinical Medicine,"Roussos, Charis",grc,3.072283913
Clinical Medicine,"Mitsiades, Constantine S.",usa,3.080875991
Engineering,"Voyiadjis, G. Z.",usa,3.084579645
Physics & Astronomy,"Kouveliotou, C.",usa,3.096268904
Clinical Medicine,"Boumpas, Dimitrios T.",grc,3.104305835
Clinical Medicine,"Sgouros, George",usa,3.107435135
Biomedical Research,"Stamatoyannopoulos, John",usa,3.107574294
Clinical Medicine,"Spandidos, Demetrios A.",grc,3.124123678
Clinical Medicine,"Boulikas, Teni",grc,3.12545379
Clinical Medicine,"Kranias, Evangelia G.",usa,3.125788457
Physics & Astronomy,"Pilaftsis, Apostolos",gbr,3.126737405
Engineering,"Makris, Nicos",usa,3.128748336
Information & Communication Technologies,"Vasilakos, Athanasios V.",swe,3.134672895
Clinical Medicine,"Stefanis, Leonidas",grc,3.135150146
Physics & Astronomy,"Marangos, Jon P.",gbr,3.140609596
Chemistry,"Hatzikiriakos, Savvas G.",can,3.144757916
Clinical Medicine,"Dangas, George D.",usa,3.145927872
Engineering,"Pardalos, Panos M.",usa,3.157659627
Earth & Environmental Sciences,"Tzedakis, Polychronis C.",gbr,3.174383078
Clinical Medicine,"Parnavelas, John G.",gbr,3.176204017
Public Health & Health Services,"Markides, Kyriakos S.",usa,3.189112707
Clinical Medicine,"Dimopoulos, Meletios Athanasios",grc,3.217184623
Clinical Medicine,"Kyprianou, Natasha",usa,3.224143542
Engineering,"Pappas, George J.",usa,3.228051663
Clinical Medicine,"Caligaris-Cappio, Federico",ita,3.231959691
Clinical Medicine,"Molassiotis, Alex",hkg,3.237637298
Information & Communication Technologies,"Mylopoulos, John",can,3.237831909
Earth & Environmental Sciences,"Synolakis, Costas E.",grc,3.238844299
Clinical Medicine,"Karakousis, Constantine P.",usa,3.250437532
Biomedical Research,"Eliopoulos, George M.",usa,3.252079673
Clinical Medicine,"Mavroudis, Constantine",usa,3.252194728
Clinical Medicine,"Frangou, Sophia",usa,3.252758278
Earth & Environmental Sciences,"Zachos, James C.",usa,3.254163465
Engineering,"Tsividis, Yannis",usa,3.254652765
Clinical Medicine,"Petasis, Nicos A.",usa,3.280728788
Clinical Medicine,"Panayi, G.",gbr,3.28556342
Physics & Astronomy,"Triantafyllou, Michael S.",usa,3.28878004
Physics & Astronomy,"Saridakis, Emmanuel N.",grc,3.29162265
Clinical Medicine,"Sfikakis, Petros P.",grc,3.298821908
Information & Communication Technologies,"Papazoglou, Michael P.",nld,3.302182327
Economics & Business,"Pissarides, Christopher",gbr,3.302211631
Clinical Medicine,"Terpos, Evangelos",grc,3.305746141
Physics & Astronomy,"Skenderis, Kostas",gbr,3.309368085
Engineering,"Kavraki, Lydia E.",usa,3.310246977
Clinical Medicine,"Polymeropoulos, M. H.",usa,3.316646756
Mathematics & Statistics,"Diaconis, Persi",usa,3.327688067
Physics & Astronomy,"Kidonakis, Nikolaos",usa,3.32962986
Biology,"Passioura, John B.",aus,3.34048881
Chemistry,"Panayiotou, Costas",grc,3.353079558
Engineering,"Tsiotras, Panagiotis",usa,3.354571045
Clinical Medicine,"Athanasou, N. A.",gbr,3.355934156
Biomedical Research,"Georgopoulos, Costa",usa,3.358880571
Chemistry,"Anastas, Paul",usa,3.362044087
Clinical Medicine,"Michelakis, Evangelos D.",can,3.365549792
Biomedical Research,"Nicola, Nicos A.",aus,3.367512289
Information & Communication Technologies,"Katsaggelos, Aggelos K.",usa,3.375961665
Engineering,"Ioannou, Petros",usa,3.379613753
Clinical Medicine,"Cotsarelis, George",usa,3.380078493
Clinical Medicine,"Boussiotis, Vassiliki A.",usa,3.380326163
Clinical Medicine,"Zintzaras, Elias",grc,3.382241596
Physics & Astronomy,"Maroulis, George",grc,3.38238822
Enabling & Strategic Technologies,"Skyllas-Kazacos, Maria",aus,3.395124054
Biomedical Research,"Dermitzakis, Emmanouil T.",che,3.406390398
Chemistry,"Verykios, Xenophon",grc,3.41413105
Physics & Astronomy,"Lianos, Panagiotis",grc,3.418395707
Physics & Astronomy,"Logothetidis, Stergios",grc,3.419446507
Information & Communication Technologies,"Ephremides, Anthony",usa,3.42444941
Clinical Medicine,"Traynelis, Stephen F.",usa,3.433357306
Engineering,"Antsaklis, Panos",usa,3.44453953
Biomedical Research,"Lazaridis, Themis",usa,3.444786
Biomedical Research,"Papaioannou, Virginia E.",usa,3.445835754
Engineering,"Triantafillou, T. C.",grc,3.453038027
Chemistry,"Mavrikakis, Manos",usa,3.456578603
Enabling & Strategic Technologies,"Tsatsaronis, George",deu,3.459803068
Biomedical Research,"Kyrpides, Nikos C.",usa,3.466098873
Physics & Astronomy,"Kiritsis, Elias",grc,3.48941915
Clinical Medicine,"Triadafilopoulos, George",usa,3.490736037
Biomedical Research,"Rokas, Antonis",usa,3.491473115
Enabling & Strategic Technologies,"Rakopoulos, Constantine D.",grc,3.503299564
Clinical Medicine,"Tousoulis, Dimitris",grc,3.50403395
Enabling & Strategic Technologies,"Kaldellis, John K.",grc,3.506766572
Economics & Business,"Apergis, Nicholas",gbr,3.511069033
Biomedical Research,"Scandalios, John G.",usa,3.519227571
Engineering,"Yannas, Ioannis V.",usa,3.530826701
Physics & Astronomy,"Makri, Nancy",usa,3.530973524
Clinical Medicine,"Kouchoukos, Nicholas T.",usa,3.534582188
Clinical Medicine,"Gragoudas, Evangelos",usa,3.536508952
Physics & Astronomy,"Athanassoula, E.",fra,3.538468481
Physics & Astronomy,"Kevrekidis, P. G.",usa,3.547337588
Chemistry,"Flytzani-Stephanopoulos, Maria",usa,3.549893298
Clinical Medicine,"Pothoulakis, Charalabos",usa,3.551914479
Clinical Medicine,"Frances, Allen",usa,3.553798778
Clinical Medicine,"Katsouyanni, Klea",grc,3.554344137
Enabling & Strategic Technologies,"Malliaras, George G.",gbr,3.562786581
Mathematics & Statistics,"Rassias, Themistocles M.",grc,3.565680896
Clinical Medicine,"Kontos, Hermes A.",usa,3.580787161
Engineering,"Kyriakides, Stelios",usa,3.582288974
Mathematics & Statistics,"Koumoutsakos, Petros",che,3.58853513
Physics & Astronomy,"Economou, Eleftherios N.",grc,3.595110959
Biomedical Research,"Maroudas, Alice",isr,3.602089322
Clinical Medicine,"Papapanou, Panos N.",usa,3.604322589
Mathematics & Statistics,"Lagarias, Jeffrey C.",usa,3.612320264
Engineering,"Dionysiou, Dionysios D.",usa,3.614408553
Physics & Astronomy,"Hadjipanayis, G. C.",usa,3.621670453
Clinical Medicine,"Canellos, George P.",usa,3.622590082
Economics & Business,"Tsoukas, Haridimos",cyp,3.623456992
Physics & Astronomy,"Kalogera, V.",usa,3.626992092
Clinical Medicine,"Gronthos, Stan",aus,3.631869046
Physics & Astronomy,"Sotiriou, Thomas P.",gbr,3.63603565
Physics & Astronomy,"Varotsos, Panayiotis A.",grc,3.64200835
Enabling & Strategic Technologies,"Tsapatsis, Michael",usa,3.655889308
Chemistry,"Alexakis, Alexandre",che,3.6607662
Clinical Medicine,"Mamounas, Eleftherios P.",usa,3.674599719
Biomedical Research,"Devreotes, Peter N.",usa,3.67580489
Clinical Medicine,"Papayannopoulou, Thalia",usa,3.687506251
Engineering,"Poulos, Harry G.",aus,3.698777332
Biomedical Research,"Marasas, W. F.O.",zaf,3.703022269
Engineering,"Pistikopoulos, Efstratios N.",usa,3.721410185
Engineering,"Mavriplis, Dimitri",usa,3.722893673
Biomedical Research,"Katsanis, Nicholas",usa,3.726058747
Physics & Astronomy,"Likos, Christos N.",aut,3.72612685
Earth & Environmental Sciences,"Varotsos, Costas A.",grc,3.729398221
Economics & Business,"Papageorgiou, M.",grc,3.747850004
Engineering,"Englezos, Peter",can,3.750130602
Biomedical Research,"Heard, Edith",deu,3.75534815
Clinical Medicine,"Theofilopoulos, Argyrios N.",usa,3.756609277
Clinical Medicine,"Logothetis, Christopher",usa,3.76766475
Clinical Medicine,"Togias, Alkis",usa,3.784780633
Mathematics & Statistics,"Tsiatis, Anastasios A.",usa,3.787088391
Clinical Medicine,"Tzakis, Andreas",usa,3.788436305
Clinical Medicine,"Maganaris, Constantinos N.",gbr,3.789022934
Physics & Astronomy,"Michaelides, Angelos",gbr,3.82784602
Clinical Medicine,"Papakostas, George I.",usa,3.830150815
Clinical Medicine,"Velmahos, George C.",usa,3.835487642
Physics & Astronomy,"Acrivos, Andreas",usa,3.835967031
Clinical Medicine,"Pavlidis, Nicholas",ita,3.841886544
Biomedical Research,"Mylonakis, Eleftherios",usa,3.84752066
Social Sciences,"Tsebelis, George",usa,3.848188553
"Agriculture, Fisheries & Forestry","Arvanitoyannis, Ioannis S.",grc,3.850301079
Physics & Astronomy,"Psaltis, Demetri",che,3.852926563
Clinical Medicine,"Gatzoulis, Michael A.",gbr,3.855215032
Chemistry,"Chatgilialoglu, Chryssostomos",ita,3.886091548
Clinical Medicine,"Panayiotopoulos, Chrysostomos",gbr,3.89209089
Clinical Medicine,"Elefteriades, John A.",usa,3.897098034
Clinical Medicine,"Vamvakas, Eleftherios C.",usa,3.89767549
Engineering,"Vardoulakis, Ioannis",grc,3.905645698
Clinical Medicine,"Pasparakis, M.",deu,3.928438864
Clinical Medicine,"Patsalos, Philip N.",gbr,3.933515572
Information & Communication Technologies,"Pitas, Ioannis",grc,3.936700648
Clinical Medicine,"Panagiotakos, Demosthenes B.",grc,3.936980232
Biology,"Christou, Paul",esp,3.946388955
Physics & Astronomy,"Vakakis, Alexander F.",usa,3.970379232
Engineering,"Komvopoulos, Kyriakos",usa,3.989294632
Information & Communication Technologies,"Karagiannidis, George K.",grc,3.991425304
Physics & Astronomy,"Manolopoulos, David E.",gbr,3.992492322
Clinical Medicine,"Angelaki, Dora E.",usa,3.996918195
Clinical Medicine,"Papapoulos, Socrates E.",nld,4.00186885
Clinical Medicine,"Elisaf, Moses S.",grc,4.006036737
Biomedical Research,"Giamarellou, Helen",grc,4.011286254
Clinical Medicine,"Adamis, Anthony P.",usa,4.014020952
Clinical Medicine,"Kogevinas, Manolis",esp,4.017584822
Enabling & Strategic Technologies,"Soutis, Constantinos",gbr,4.020830956
Engineering,"Koutsoyiannis, Demetris",grc,4.022248972
Clinical Medicine,"Vgontzas, Alexandros",grc,4.024590597
Engineering,"Mikos, Antonios G.",usa,4.034876561
Engineering,"Poulikakos, Dimos",che,4.036986636
Clinical Medicine,"Kostis, John B.",usa,4.042842605
Engineering,"Christofides, Panagiotis D.",usa,4.043052025
Physics & Astronomy,"Theodorou, D. N.",grc,4.049073
Clinical Medicine,"Ntoumanis, Nikos",aus,4.071096514
Clinical Medicine,"Papadopoulos, Vassilios",usa,4.073468047
Clinical Medicine,"Papahadjopoulos, Demetrios",usa,4.089178471
Clinical Medicine,"Christakis, Dimitri A.",usa,4.11531107
Clinical Medicine,"Lambris, John D.",usa,4.124432703
Information & Communication Technologies,"Eleftheriades, George V.",can,4.129979083
Enabling & Strategic Technologies,"Papoutsakis, Eleftherios Terry",usa,4.135684911
Clinical Medicine,"Koukourakis, Michael I.",grc,4.141137377
Social Sciences,"Zembylas, Michalinos",cyp,4.158148056
Engineering,"Dafalias, Yannis F.",usa,4.158502259
Biomedical Research,"Artavanis-Tsakonas, Spyros",usa,4.165810654
Engineering,"Gazetas, G.",grc,4.169729726
Physics & Astronomy,"Martinis, John M.",usa,4.172611592
Clinical Medicine,"Carapetis, Jonathan R.",aus,4.179214233
Biomedical Research,"Georgiou, George",usa,4.182382086
Information & Communication Technologies,"Paragios, Nikos",fra,4.200125705
Clinical Medicine,"Bartzokis, George",usa,4.219591781
Economics & Business,"Buhalis, Dimitrios",gbr,4.223470239
Engineering,"Bertsimas, D.",usa,4.224118285
Earth & Environmental Sciences,"Angelopoulos, V.",usa,4.224727531
Biomedical Research,"Martinou, Jean Claude",che,4.230052601
Clinical Medicine,"Diamanti-Kandarakis, Evanthia",grc,4.240965199
Mathematics & Statistics,"Pozrikidis, C.",usa,4.256229286
Engineering,"Polycarpou, Marios M.",cyp,4.278202956
Clinical Medicine,"Mikhailidis, Dimitri P.",gbr,4.287536941
Clinical Medicine,"Markou, Athina",usa,4.352238568
Biomedical Research,"Tsikas, Dimitris",deu,4.366971007
Biomedical Research,"Kyriakis, John M.",usa,4.36955237
Enabling & Strategic Technologies,"Hatziargyriou, Nikos",grc,4.436955602
Clinical Medicine,"Konstantinides, Stavros",grc,4.440625395
Information & Communication Technologies,"Maragos, Petros",grc,4.451843725
Clinical Medicine,"Gregoriadis, Gregory",gbr,4.491433439
Clinical Medicine,"Tsimikas, Sotirios",usa,4.495432397
Engineering,"Kitanidis, Peter K.",usa,4.50811707
Physics & Astronomy,"Varandas, A. J.C.",chn,4.515946745
Economics & Business,"Bontis, Nick",can,4.532351352
Enabling & Strategic Technologies,"Kostarelos, Kostas",gbr,4.537256629
Clinical Medicine,"Benetos, Athanase",fra,4.542562097
Clinical Medicine,"Christopoulos, Arthur",aus,4.550697428
Physics & Astronomy,"Spano, Frank C.",usa,4.564010903
"Agriculture, Fisheries & Forestry","Biliaderis, Costas G.",grc,4.564141801
Physics & Astronomy,"Dimopoulos, Savas",usa,4.567291785
Physics & Astronomy,"Alexandridis, Paschalis",usa,4.601333288
Chemistry,"Bikiaris, Dimitrios",grc,4.608433843
Engineering,"Vlachos, Dionisios G.",usa,4.612887783
Physics & Astronomy,"Xantheas, Sotiris S.",usa,4.622586119
Physics & Astronomy,"Kaxiras, Efthimios",usa,4.630117629
Economics & Business,"Diamantopoulos, Adamantios",aut,4.640338219
Biology,"Melis, Anastasios",usa,4.661934603
Information & Communication Technologies,"Guibas, Leonidas J.",usa,4.662618248
Clinical Medicine,"Marmarou, Anthony",usa,4.66853593
Enabling & Strategic Technologies,"Comninellis, Christos",che,4.677810381
Clinical Medicine,"Kappos, Ludwig",che,4.682284134
Physics & Astronomy,"Païdoussis, Michael P.",can,4.692789963
Mathematics & Statistics,"Fokas, A. S.",gbr,4.716182767
Biology,"Klironomos, John",can,4.72865641
Information & Communication Technologies,"Pavlou, Paul",usa,4.74006039
Engineering,"Aifantis, Elias C.",sau,4.749050155
Clinical Medicine,"Batsakis, John G.",usa,4.773037285
Information & Communication Technologies,"Yannakakis, Mihalis",usa,4.780862504
Clinical Medicine,"Hadziyannis, Stephanos",grc,4.803893788
Clinical Medicine,"Kereiakes, Dean J.",usa,4.814307785
Economics & Business,"Demerouti, Evangelia",nld,4.82998787
Enabling & Strategic Technologies,"Bockris, J. O.M.",usa,4.836828967
Clinical Medicine,"Moutsopoulos, H. M.",grc,4.83873818
Physics & Astronomy,"Pantelides, Sokrates T.",usa,4.846177012
Clinical Medicine,"Georgopoulos, Apostolos P.",usa,4.84782144
Chemistry,"Hadjichristidis, Nikos",sau,4.891351566
Biomedical Research,"Falagas, Matthew E.",usa,4.891943738
Clinical Medicine,"Hajishengallis, George",usa,4.908789975
Psychology & Cognitive Sciences,"Jonides, John",usa,4.909578702
Engineering,"Floudas, Christodoulos A.",usa,4.943024075
Information & Communication Technologies,"Karypis, George",usa,4.958917933
Clinical Medicine,"Albanes, Demetrius",usa,4.97358953
Psychology & Cognitive Sciences,"Sedikides, Constantine",gbr,5.002077685
Engineering,"Bertsekas, Dimitri",usa,5.003739859
Clinical Medicine,"Demetris, Anthony J.",usa,5.016496054
Mathematics & Statistics,"Karniadakis, George Em",usa,5.023736208
Clinical Medicine,"Nicolelis, Miguel A.L.",usa,5.038737935
Biomedical Research,"Pappas, Peter G.",usa,5.059194025
Information & Communication Technologies,"Tassiulas, Leandros",usa,5.083300264
Clinical Medicine,"Demetriades, Demetrios",usa,5.098237124
Clinical Medicine,"Neoptolemos, John P.",deu,5.161438326
Clinical Medicine,"Lyketsos, Constantine G.",usa,5.170070049
Physics & Astronomy,"Soukoulis, Costas M.",usa,5.18692913
Clinical Medicine,"Platanias, Leonidas C.",usa,5.199435548
Biomedical Research,"Ischiropoulos, Harry",usa,5.2298031
Clinical Medicine,"Stefanadis, Christodoulos",usa,5.262997475
Physics & Astronomy,"Panagiotopoulos, Athanassios Z.",usa,5.26718401
Chemistry,"Lovinger, Andrew J.",usa,5.272771563
Clinical Medicine,"Vlassara, Helen",usa,5.276420764
Engineering,"Tsitsiklis, John N.",usa,5.297980918
Clinical Medicine,"Stratakis, Constantine A.",usa,5.30027356
Clinical Medicine,"Tsokos, George C.",usa,5.304704273
Physics & Astronomy,"Efstathiou, George",gbr,5.335098826
Clinical Medicine,"Nicolaides, Andrew",cyp,5.357152131
Clinical Medicine,"Davatzikos, Christos",usa,5.37789047
Biomedical Research,"Kontoyiannis, Dimitrios P.",usa,5.39397451
Clinical Medicine,"Giannoudis, Peter V.",gbr,5.425178653
Information & Communication Technologies,"Terzopoulos, Demetri",usa,5.479067667
Biomedical Research,"Polakis, Paul",usa,5.533369146
Chemistry,"Christou, George",usa,5.562021102
Physics & Astronomy,"Christodoulides, Demetrios N.",usa,5.565933329
Built Environment & Design,"Santamouris, Mattheos",aus,5.583849148
Clinical Medicine,"Yancopoulos, George D.",usa,5.633242284
Clinical Medicine,"Trichopoulou, Antonia",grc,5.651381689
Clinical Medicine,"Zouboulis, Christos C.",deu,5.708302094
Information & Communication Technologies,"Faloutsos, Christos",usa,5.737363316
Biomedical Research,"Antonarakis, Stylianos E.",che,5.738125498
Clinical Medicine,"Theoharides, Theoharis C.",usa,5.757741233
Biomedical Research,"Poulos, Thomas L.",usa,5.772453563
Clinical Medicine,"Alexopoulos, George S.",usa,5.811388381
Physics & Astronomy,"Antoniadis, Ignatios",fra,5.811839072
Clinical Medicine,"Michalopoulos, George K.",usa,5.82862744
Clinical Medicine,"Frangogiannis, Nikolaos G.",usa,5.842761006
Enabling & Strategic Technologies,"Stephanopoulos, Gregory",usa,5.86689516
Enabling & Strategic Technologies,"Pratsinis, Sotiris E.",che,5.871555074
Clinical Medicine,"Christakis, Nicholas A.",usa,5.874933208
Clinical Medicine,"Roukos, Dimitrios H.",grc,5.908807424
Clinical Medicine,"Ballantyne, Christie M.",usa,5.987445431
Clinical Medicine,"Demetri, George D.",usa,6.017524032
Psychology & Cognitive Sciences,"Triandis, Harry C.",usa,6.058464843
Clinical Medicine,"Trichopoulos, Dimitrios",grc,6.17664737
Biomedical Research,"Maniatis, Tom",usa,6.221517817
Enabling & Strategic Technologies,"Kalogirou, Soteris A.",cyp,6.23465335
Clinical Medicine,"Ntziachristos, Vasilis",deu,6.254831877
Information & Communication Technologies,"Giannakis, Georgios B.",usa,6.307774326
Clinical Medicine,"Mantzoros, Christos S.",usa,6.339754608
Clinical Medicine,"Kahrilas, Peter J.",usa,6.371495716
Physics & Astronomy,"Simos, T. E.",grc,6.410084136
Information & Communication Technologies,"Papadimitriou, Christos H.",usa,6.410790869
Clinical Medicine,"Manolagas, Stavros C.",usa,6.432903493
Clinical Medicine,"Manolio, Teri A.",usa,6.509807496
Biomedical Research,"Simopoulos, Artemis P.",usa,6.525479936
Enabling & Strategic Technologies,"Giannelis, Emmanuel",usa,6.573803157
Clinical Medicine,"Petrides, Michael",can,6.639383358
Physics & Astronomy,"Joannopoulos, John",usa,6.705128908
Physics & Astronomy,"Tsallis, Constantino",bra,6.79281801
Clinical Medicine,"Bakris, George",usa,6.929360797
Clinical Medicine,"Diamandis, Eleftherios P.",can,7.128025374
Information & Communication Technologies,"Stamatakis, Alexandros",deu,7.130115447
Clinical Medicine,"Logothetis, Nikos K.",gbr,7.164395519
Clinical Medicine,"Dalakas, Marinos C.",grc,7.388507082
Biomedical Research,"Kouzarides, Tony",gbr,7.476246392
Clinical Medicine,"Kalivas, Peter W.",usa,7.563275327
Clinical Medicine,"Nicolaides, Kypros H.",gbr,7.823029048
Chemistry,"Kanatzidis, Mercouri G.",usa,7.853751167
Chemistry,"Nicolaou, K. C.",usa,7.915582346
Physics & Astronomy,"Avouris, Phaedon",usa,7.952553292
Clinical Medicine,"Chrousos, George P.",grc,8.5323861
Clinical Medicine,"Peppas, Nicholas A.",usa,8.626984263
Enabling & Strategic Technologies,"Alivisatos, A. Paul",usa,9.868202633
Clinical Medicine,"Ioannidis, John P.A.",usa,10
